上位のクエリ,クリック数,表示回数,CTR,掲載順位
it 職種 一覧,4,158,2.53%,2.46
it 業界 職種 一覧,1,26,3.85%,6.42
it系 種類,1,16,6.25%,1.06
it職種一覧,0,150,0%,1.27
it 職種 分類,0,83,0%,4.99
it系職種一覧,0,77,0%,1
it系 職種 一覧,0,74,0%,2.55
it系 仕事,0,62,0%,2.58
it業界 職種,0,44,0%,55.32
it業界 職種 一覧,0,37,0%,1
it 業種,0,29,0%,7.24
it 仕事 一覧,0,28,0%,16.54
it業界 業種 一覧,0,20,0%,3.05
it関係の仕事とは,0,19,0%,2.21
it 職種,0,19,0%,3
it 業種 一覧,0,19,0%,18.95
it 分野 一覧,0,17,0%,5.47
it 系 職業,0,15,0%,5.87
it 分類,0,14,0%,1
it 職業 一覧,0,12,0%,1
it系 職業,0,11,0%,1
it 関係 の仕事 一覧,0,10,0%,1
it 系 職種 一覧,0,9,0%,9.33
it業界 職種一覧,0,7,0%,1
it業界 職種 分類,0,7,0%,1.57
it業界 種類,0,7,0%,36.14
情報系 就職,0,7,0%,64.86
it 職種一覧,0,6,0%,1
it系職業,0,6,0%,1
it職種 一覧,0,6,0%,1
職業 it系,0,6,0%,1
it系とは,0,6,0%,2.17
it系の仕事,0,6,0%,2.83
it 種類,0,6,0%,3
it系,0,6,0%,3
it 業界 種類,0,6,0%,34
職種 it,0,6,0%,42.33
it企業 業種,0,5,0%,2
it関連の仕事とは,0,5,0%,2.2
it業界 業種一覧,0,5,0%,3
it系 職種,0,5,0%,12
it 企業 職種,0,5,0%,77.2
it企業 職種一覧,0,4,0%,1
情報系 職業 一覧,0,4,0%,1
it業種,0,4,0%,2
it関連 仕事,0,4,0%,2.5
it企業 仕事内容,0,4,0%,3
it職種,0,4,0%,3
it業界職種,0,4,0%,46.5
it 系 仕事 種類,0,4,0%,77.5
情報 系 職種,0,4,0%,81.5
it系 仕事 一覧,0,3,0%,1
it関連の仕事,0,3,0%,2.33
アイティ関係の仕事,0,3,0%,2.67
it系 業種,0,3,0%,3
職業 it,0,3,0%,27.67
it 仕事 種類,0,3,0%,81.67
it 業界 職種,0,3,0%,82.33
it の 仕事 種類,0,3,0%,85.67
itエンジニア 職種 分類,0,2,0%,1
itとは 仕事,0,2,0%,2
it系 仕事とは,0,2,0%,2
it 職業,0,2,0%,2.5
it系 仕事 種類,0,2,0%,3
it系の仕事 種類,0,2,0%,3
it業界 仕事,0,2,0%,37.5
it業界 分類,0,2,0%,43
it 系 職種,0,2,0%,82
業種 it,0,2,0%,82
it 役職 一覧,0,1,0%,1
itエンジニアになるには,0,1,0%,1
it仕事一覧,0,1,0%,1
業種一覧 it,0,1,0%,1
it 企業 仕事 内容,0,1,0%,2
it 関係 仕事,0,1,0%,2
it 関連 の 仕事,0,1,0%,2
it業界 一覧,0,1,0%,2
it系とは 仕事,0,1,0%,2
it系仕事,0,1,0%,2
it関係 仕事内容,0,1,0%,2
it関係仕事,0,1,0%,2
it 仕事,0,1,0%,3
it 種類 一覧,0,1,0%,3
itの仕事内容,0,1,0%,3
itの種類,0,1,0%,3
it仕事,0,1,0%,3
it仕事 種類,0,1,0%,3
it企業 職種,0,1,0%,3
it系の職業,0,1,0%,3
it系職種,0,1,0%,3
it職業,0,1,0%,3
it関係の仕事,0,1,0%,3
it関連,0,1,0%,3
アイティー関係とは,0,1,0%,3
アイティ系,0,1,0%,3
アイティ系とは,0,1,0%,3
プログラマー 種類,0,1,0%,3
情報処理 就職先,0,1,0%,3
情報系の仕事,0,1,0%,3
職業it,0,1,0%,3
it企業 役職,0,1,0%,5
就活 it 業界,0,1,0%,28
it 業界 就職,0,1,0%,44
情報 系 就職,0,1,0%,64
ソフトウェア業界 職種,0,1,0%,78